MMM,3M Company,reports,Industrials,Industrial Conglomerates,"St. Paul, Minnesota",1/13/1978,1/13/1978,1902,,
ABT,Abbott Laboratories,reports,Health Care,Health Care Equipment,"North Chicago, Illinois",3/31/1964,10/17/1983,1888,,
ABBV,AbbVie Inc.,reports,Health Care,Pharmaceuticals,"North Chicago, Illinois",12/31/2012,7/6/2011,2013 (1888),,
ABMD,ABIOMED Inc,reports,Health Care,Health Care Equipment,"Danvers, Massachusetts",5/31/2018,8/31/2015,1981,,
ACN,Accenture plc,reports,Information Technology,IT Consulting & Other Services,"Dublin, Ireland",7/6/2011,5/5/1997,1989,,
ATVI,Activision Blizzard,reports,Information Technology,Home Entertainment Software,"Santa Monica, California",8/31/2015,3/20/2017,2008,,
ADBE,Adobe Systems Inc,reports,Information Technology,Application Software,"San Jose, California",5/5/1997,7/9/2015,1982,,
AMD,Advanced Micro Devices Inc,reports,Information Technology,Semiconductors,"Sunnyvale, California",3/20/2017,10/2/1998,1969,,
AAP,Advance Auto Parts,reports,Consumer Discretionary,Automotive Retail,"Roanoke, Virginia",7/9/2015,6/30/1976,1932,,
AES,AES Corp,reports,Utilities,Independent Power Producers & Energy Traders,"Arlington, Virginia",10/2/1998,7/1/2014,1981,,
AET,Aetna Inc,reports,Health Care,Managed Health Care,"Hartford, Connecticut",6/30/1976,5/28/1999,1810,,
AMG,Affiliated Managers Group Inc,reports,Financials,Asset Management & Custody Banks,"Beverly, Massachusetts",7/1/2014,6/5/2000,1993,,
AFL,AFLAC Inc,reports,Financials,Life & Health Insurance,"Columbus, Georgia",5/28/1999,4/30/1985,1955,,
A,Agilent Technologies Inc,reports,Health Care,Health Care Equipment,"Santa Clara, California",6/5/2000,7/12/2007,1999,,
APD,Air Products & Chemicals Inc,reports,Materials,Industrial Gases,"Allentown, Pennsylvania",4/30/1985,5/13/2016,1940,,
AKAM,Akamai Technologies Inc,reports,Information Technology,Internet Software & Services,"Cambridge, Massachusetts",7/12/2007,7/1/2016,1998,,
ALK,Alaska Air Group Inc,reports,Industrials,Airlines,"Seattle, Washington",5/13/2016,3/20/2017,1985,,
ALB,Albemarle Corp,reports,Materials,Specialty Chemicals,"Baton Rouge, Louisiana",7/1/2016,5/25/2012,1994,,
ARE,Alexandria Real Estate EquitiesInc,reports,Real Estate,Office REITs,"Pasadena, California",3/20/2017,6/19/2017,1994,,
ALXN,Alexion Pharmaceuticals,reports,Health Care,Biotechnology,"Cheshire, Connecticut",5/25/2012,12/2/2013,1992,,
ALGN,Align Technology,reports,Health Care,Health Care Supplies,"San Jose, California",6/19/2017,4/12/1999,1997,,
ALLE,Allegion,reports,Industrials,Building Products,"Dublin, Ireland",12/2/2013,12/23/2013,1908,,
AGN,"Allergan, Plc",reports,Health Care,Pharmaceuticals,"Dublin, Ireland",4/12/1999,7/1/2016,1983,,
ADS,Alliance Data Systems,reports,Information Technology,Data Processing & Outsourced Services,"Plano, Texas",12/23/2013,7/13/1995,1996,,
LNT,Alliant Energy Corp,reports,Utilities,Electric Utilities,"Madison, Wisconsin",7/1/2016,4/3/2014,1917,,
ALL,Allstate Corp,reports,Financials,Property & Casualty Insurance,"Northfield Township, Illinois",7/13/1995,4/3/2006,1931,,
GOOGL,Alphabet Inc Class A,reports,Information Technology,Internet Software & Services,"Mountain View, California",4/3/2014,6/11/1993,1998,,
GOOG,Alphabet Inc Class C,reports,Information Technology,Internet Software & Services,"Mountain View, California",4/3/2006,11/18/2005,1998,,
MO,Altria Group Inc,reports,Consumer Staples,Tobacco,"Richmond, Virginia",3/2/2017,9/19/1991,1985,,
AMZN,Amazon.com Inc.,reports,Consumer Discretionary,Internet & Direct Marketing Retail,"Seattle, Washington",11/18/2005,3/23/2015,1994,,
AEE,Ameren Corp,reports,Utilities,Multi-Utilities,"St. Louis, Missouri",9/19/1991,5/15/1997,1902,,
AAL,American Airlines Group,reports,Industrials,Airlines,"Fort Worth, Texas",3/23/2015,6/30/1976,1934,,
AEP,American Electric Power,reports,Utilities,Electric Utilities,"Columbus, Ohio",3/2/2017,3/31/1980,1906,,
AXP,American Express Co,reports,Financials,Consumer Finance,"New York, New York",6/30/1976,11/19/2007,1850,,
AIG,"American International Group, Inc.",reports,Financials,Property & Casualty Insurance,"New York, New York",3/31/1980,3/4/2016,1919,,
AMT,American Tower Corp A,reports,Real Estate,Specialized REITs,"Boston, Massachusetts",11/19/2007,10/3/2005,,,
AWK,American Water Works Company Inc,reports,Utilities,Water Utilities,"Voorhees, New Jersey",3/4/2016,8/30/2001,1886,,
AMP,Ameriprise Financial,reports,Financials,Asset Management & Custody Banks,"Minneapolis, Minnesota",10/3/2005,9/23/2013,1894,,
ABC,AmerisourceBergen Corp,reports,Health Care,Health Care Distributors,"Chesterbrook, Pennsylvania",8/30/2001,1/2/1992,1985,,
AME,AMETEK Inc.,reports,Industrials,Electrical Components & Equipment,"Berwyn, Pennsylvania",9/23/2013,9/30/2008,1930,,
AMGN,Amgen Inc.,reports,Health Care,Biotechnology,"Thousand Oaks, California",1/2/1992,7/28/1997,1980,,
APH,Amphenol Corp,reports,Information Technology,Electronic Components,"Wallingford, Connecticut",9/30/2008,10/12/1999,1932,,
APC,Anadarko Petroleum Corp,reports,Energy,Oil & Gas Exploration & Production,"The Woodlands, Texas",7/28/1997,9/27/2007,1959,,
ADI,"Analog Devices, Inc.",reports,Information Technology,Semiconductors,"Norwood, Massachusetts",10/12/1999,6/19/2017,1965,,
ANDV,Andeavor,reports,Energy,Oil & Gas Refining & Marketing,"San Antonio, Texas",9/27/2007,7/25/2002,1968,,
ANSS,ANSYS,reports,Information Technology,Application Software,"Canonsburg, Pennsylvania",6/19/2017,4/23/1996,1969,,
ANTM,Anthem Inc.,reports,Health Care,Managed Health Care,"Indianapolis, Indiana",7/25/2002,7/26/2017,,,
AON,Aon plc,reports,Financials,Insurance Brokers,"London, United Kingdom",4/23/1996,7/28/1997,1982 (1919),,
AOS,A.O. Smith Corp,reports,Industrials,Building Products,"Milwaukee, Wisconsin",7/26/2017,3/14/2003,1916,,
APA,Apache Corporation,reports,Energy,Oil & Gas Exploration & Production,"Houston, Texas",7/28/1997,11/30/1982,1954,,
AIV,Apartment Investment & Management,reports,Real Estate,Residential REITs,"Denver, Colorado",3/14/2003,3/16/1995,,,
AAPL,Apple Inc.,reports,Information Technology,"Technology Hardware, Storage & Peripherals","Cupertino, California",11/30/1982,12/24/2012,,,
AMAT,Applied Materials Inc.,reports,Information Technology,Semiconductor Equipment,"Santa Clara, California",3/16/1995,7/29/1981,,,
APTV,Aptiv Plc,reports,Consumer Discretionary,Auto Parts & Equipment,"Gillingham, Kent, United Kingdom",12/24/2012,3/31/1964,,,
ADM,Archer-Daniels-Midland Co,reports,Consumer Staples,Agricultural Products,"Decatur, Illinois",7/29/1981,5/31/2016,,,
ARNC,Arconic Inc.,reports,Industrials,Aerospace & Defense,"New York, New York",3/31/1964,4/10/2007,2016,,
AJG,Arthur J. Gallagher & Co.,reports,Financials,Insurance Brokers,"Itasca, Illinois",5/31/2016,11/30/1983,,,
AIZ,Assurant Inc.,reports,Financials,Multi-line Insurance,"New York, New York",4/10/2007,12/1/1989,,,
T,AT&T Inc.,reports,Telecommunication Services,Integrated Telecommunication Services,"Dallas, Texas",11/30/1983,3/31/1981,1983,,
ADSK,Autodesk Inc.,reports,Information Technology,Application Software,"San Rafael, California",12/1/1989,1/2/1997,,,
ADP,Automatic Data Processing,reports,Information Technology,Internet Software & Services,"Roseland, New Jersey",3/31/1981,1/10/2007,,,
AZO,AutoZone Inc,reports,Consumer Discretionary,Specialty Stores,"Memphis, Tennessee",1/2/1997,12/31/1987,,,
AVB,"AvalonBay Communities, Inc.",reports,Real Estate,Residential REITs,"Arlington, Virginia[5]",1/10/2007,3/18/1994,,,
AVY,Avery Dennison Corp,reports,Materials,Paper Packaging,"Glendale, California",12/31/1987,10/31/1984,,,
BHGE,"Baker Hughes, a GE Company",reports,Energy,Oil & Gas Equipment & Services,"Houston, Texas",3/2/2017,6/30/1976,2017,,
BLL,Ball Corp,reports,Materials,Metal & Glass Containers,"Broomfield, Colorado",10/31/1984,3/31/1995,,,
BAC,Bank of America Corp,reports,Financials,Diversified Banks,"Charlotte, North Carolina",6/30/1976,9/30/1972,,,
BK,The Bank of New York Mellon Corp.,reports,Financials,Asset Management & Custody Banks,"New York, New York",3/31/1995,12/4/1997,,,
BAX,Baxter International Inc.,reports,Health Care,Health Care Equipment,"Deerfield, Illinois",9/30/1972,9/30/1972,1931,,
BBT,BB&T Corporation,reports,Financials,Regional Banks,"Winston-Salem, North Carolina",12/4/1997,2/16/2010,,,
BDX,Becton Dickinson,reports,Health Care,Health Care Equipment,"Franklin Lakes, New Jersey",9/30/1972,6/29/1999,1897,,
BRK.B,Berkshire Hathaway,reports,Financials,Multi-Sector Holdings,"Omaha, Nebraska",2/16/2010,11/13/2003,,,
BBY,Best Buy Co. Inc.,reports,Consumer Discretionary,Computer & Electronics Retail,"Richfield, Minnesota",6/29/1999,4/4/2011,,,
BIIB,Biogen Inc.,reports,Health Care,Biotechnology,"Weston, Massachusetts",11/13/2003,11/30/1986,,,
BLK,BlackRock,reports,Financials,Asset Management & Custody Banks,"New York, New York",4/4/2011,1/13/1978,,,
HRB,Block H&R,reports,Financials,Consumer Finance,"Kansas City, Missouri",11/30/1986,11/6/2009,,,
BA,Boeing Company,reports,Industrials,Aerospace & Defense,"Chicago, Illinois",3/2/2017,12/19/2011,1916,,
BKNG,Booking Holdings Inc,reports,Consumer Discretionary,Internet & Direct Marketing Retail,"Norwalk, Connecticut",11/6/2009,4/3/2006,,,
BWA,BorgWarner,reports,Consumer Discretionary,Auto Parts & Equipment,"Auburn Hills, Michigan",12/19/2011,2/24/1995,,,
BXP,Boston Properties,reports,Real Estate,Office REITs,"Boston, Massachusetts",4/3/2006,8/8/2017,,,
BSX,Boston Scientific,reports,Health Care,Health Care Equipment,"Marlborough, Massachusetts[6]",2/24/1995,8/7/2017,,,
BHF,Brighthouse Financial Inc,reports,Financials,Life & Health Insurance,"Charlotte, North Carolina",8/8/2017,5/8/2014,,,
BMY,Bristol-Myers Squibb,reports,Health Care,Health Care Distributors,"New York, New York",3/2/2017,6/18/2018,1989,,
AVGO,Broadcom,reports,Information Technology,Semiconductors,"San Jose, California",5/8/2014,10/31/1982,,,
BR,Broadridge Financial Solutions,reports,Information Technology,Data Processing & Outsourced Services,"Lake Success, New York",6/18/2018,3/2/2007,1962,,
BF.B,Brown-Forman Corp.,reports,Consumer Staples,Distillers & Vintners,"Louisville, Kentucky",10/31/1982,7/31/1987,,,
CHRW,C. H. Robinson Worldwide,reports,Industrials,Air Freight & Logistics,"Eden Prairie, Minnesota",3/2/2007,6/23/2008,,,
CA,"CA, Inc.",reports,Information Technology,Systems Software,"Islandia, New York",7/31/1987,9/18/2017,,,
COG,Cabot Oil & Gas,reports,Energy,Oil & Gas Exploration & Production,"Houston, Texas",6/23/2008,1/13/1978,,,
CDNS,Cadence Design Systems,reports,Information Technology,Application Software,"San Jose, California",9/18/2017,7/1/1998,,,
CPB,Campbell Soup,reports,Consumer Staples,Packaged Foods & Meats,"Camden, New Jersey",3/2/2017,5/27/1997,1869,,
COF,Capital One Financial,reports,Financials,Consumer Finance,"Tysons Corner, Virginia",7/1/1998,6/28/2010,1935,,
CAH,Cardinal Health Inc.,reports,Health Care,Health Care Distributors,"Dublin, Ohio",5/27/1997,12/22/1998,,,
KMX,Carmax Inc,reports,Consumer Discretionary,Specialty Stores,"Richmond, Virginia",6/28/2010,8/17/1925,,,
CCL,Carnival Corp.,reports,Consumer Discretionary,"Hotels, Resorts & Cruise Lines","Miami, Florida",12/22/1998,3/1/2017,,,
CAT,Caterpillar Inc.,reports,Industrials,Construction Machinery & Heavy Trucks,"Peoria, Illinois",3/2/2017,11/10/2006,1925,,
CBOE,Cboe Global Markets,reports,Financials,Financial Exchanges & Data,"Chicago, Illinois",3/1/2017,9/1/1994,,,
CBRE,CBRE Group,reports,Real Estate,Real Estate Services,"Los Angeles, California",11/10/2006,11/6/2006,,,
CBS,CBS Corp.,reports,Consumer Discretionary,Broadcasting,"New York, New York",9/1/1994,3/30/2016,,,
CELG,Celgene Corp.,reports,Health Care,Biotechnology,"Summit, New Jersey",11/6/2006,7/31/1985,,,
CNC,Centene Corporation,reports,Health Care,Managed Health Care,"St Louis, Missouri",3/30/2016,3/25/1999,,,
CNP,CenterPoint Energy,reports,Utilities,Multi-Utilities,"Houston, Texas",7/31/1985,4/30/2010,,,
CTL,CenturyLink Inc,reports,Telecommunication Services,Integrated Telecommunication Services,"Monroe, Louisiana",3/25/1999,8/27/2008,,,
CERN,Cerner,reports,Health Care,Health Care Technology,"North Kansas City, Missouri",4/30/2010,6/2/1997,,,
CF,CF Industries Holdings Inc,reports,Materials,Fertilizers & Agricultural Chemicals,"Deerfield, Illinois",8/27/2008,9/8/2016,,,
SCHW,Charles Schwab Corporation,reports,Financials,Investment Banking & Brokerage,"San Francisco, California",6/2/1997,10/19/2001,,,
CHTR,Charter Communications,reports,Consumer Discretionary,Cable & Satellite,"Stamford, Connecticut",9/8/2016,4/28/2011,,,
CVX,Chevron Corp.,reports,Energy,Integrated Oil & Gas,"San Ramon, California",3/2/2017,7/15/2010,1879,,
CMG,Chipotle Mexican Grill,reports,Consumer Discretionary,Restaurants,"Denver, Colorado",4/28/2011,12/29/2015,,,
CB,Chubb Limited,reports,Financials,Property & Casualty Insurance,"Zurich, Switzerland",7/15/2010,6/30/1976,,,
CHD,Church & Dwight,reports,Consumer Staples,Household Products,"Ewing, New Jersey",12/29/2015,6/21/2014,,,
CI,CIGNA Corp.,reports,Health Care,Managed Health Care,"Bloomfield, Connecticut",6/30/1976,12/18/1997,,,
XEC,Cimarex Energy,reports,Energy,Oil & Gas Exploration & Production,"Denver, Colorado",6/21/2014,3/1/2001,,,
CINF,Cincinnati Financial,reports,Financials,Property & Casualty Insurance,"Fairfield, Ohio",12/18/1997,12/1/1993,,,
CTAS,Cintas Corporation,reports,Industrials,Diversified Support Services,"Mason, Ohio",3/1/2001,5/31/1988,,,
CSCO,Cisco Systems,reports,Information Technology,Communications Equipment,"San Jose, California",12/1/1993,1/29/2016,,,
C,Citigroup Inc.,reports,Financials,Diversified Banks,"New York, New York",5/31/1988,12/1/1999,,,
CFG,Citizens Financial Group,reports,Financials,Regional Banks,"Providence, Rhode Island",1/29/2016,3/31/1969,,,
CTXS,Citrix Systems,reports,Information Technology,Internet Software & Services,"Fort Lauderdale, Florida",12/1/1999,8/11/2006,,,
CLX,The Clorox Company,reports,Consumer Staples,Household Products,"Oakland, California",3/31/1969,5/3/1999,1913,,
CME,CME Group Inc.,reports,Financials,Financial Exchanges & Data,"Chicago, Illinois",8/11/2006,6/19/1998,,,
CMS,CMS Energy,reports,Utilities,Multi-Utilities,"Jackson, Michigan",5/3/1999,11/17/2006,,,
KO,Coca-Cola Company (The),reports,Consumer Staples,Soft Drinks,"Atlanta, Georgia",3/2/2017,6/29/1972,1886,,
CTSH,Cognizant Technology Solutions,reports,Information Technology,IT Consulting & Other Services,"Teaneck, New Jersey",11/17/2006,9/18/2015,,,
CL,Colgate-Palmolive,reports,Consumer Staples,Household Products,"New York, New York",3/2/2017,12/1/1995,1806,,
CMCSA,Comcast Corp.,reports,Consumer Discretionary,Cable & Satellite,"Philadelphia, Pennsylvania",9/18/2015,8/31/1983,,,
CMA,Comerica Inc.,reports,Financials,Diversified Banks,"Dallas, Texas",12/1/1995,2/22/2016,,,
CAG,Conagra Brands,reports,Consumer Staples,Packaged Foods & Meats,"Chicago, Illinois",8/31/1983,8/31/1983,,,
CXO,Concho Resources,reports,Energy,Oil & Gas Exploration & Production,"Midland, Texas",2/22/2016,7/18/1986,,,
COP,ConocoPhillips,reports,Energy,Oil & Gas Exploration & Production,"Houston, Texas",3/2/2017,7/5/2005,2002,,
ED,Consolidated Edison,reports,Utilities,Electric Utilities,"New York, New York",3/2/2017,9/23/2016,1823,,
STZ,Constellation Brands,reports,Consumer Staples,Distillers & Vintners,"Victor, New York",7/5/2005,7/2/2018,,,
COO,The Cooper Companies,reports,Health Care,Health Care Supplies,"Pleasanton, California",9/23/2016,8/18/1998,,,
CPRT,Copart Inc,reports,Industrials,Diversified Support Services,"Dallas, Texas",7/2/2018,10/1/1993,,,
GLW,Corning Inc.,reports,Information Technology,Electronic Components,"Corning, New York",3/2/2017,10/3/2016,1851,,
COST,Costco Wholesale Corp.,reports,Consumer Staples,Hypermarkets & Super Centers,"Issaquah, Washington",10/1/1993,3/14/2012,,,
COTY,"Coty, Inc",reports,Consumer Staples,Personal Products,"New York, New York",10/3/2016,9/30/1967,,,
CCI,Crown Castle International Corp.,reports,Real Estate,Specialized REITs,"Houston, Texas",3/14/2012,3/31/1965,,,
CSX,CSX Corp.,reports,Industrials,Railroads,"Jacksonville, Florida",9/30/1967,1/5/1979,1980,,
CMI,Cummins Inc.,reports,Industrials,Industrial Machinery,"Columbus, Indiana",3/31/1965,5/19/1995,1919,,
CVS,CVS Health,reports,Consumer Staples,Drug Retail,"Woonsocket, Rhode Island",3/2/2017,11/10/1995,1996,,
DHI,D. R. Horton,reports,Consumer Discretionary,Homebuilding,"Fort Worth, Texas",3/2/2017,1/13/1978,1978,,
DHR,Danaher Corp.,reports,Health Care,Health Care Equipment,"Washington, D.C.",3/2/2017,7/31/2008,1969,,
DRI,Darden Restaurants,reports,Consumer Discretionary,Restaurants,"Orlando, Florida",3/2/2017,8/21/1987,1938,,
DVA,DaVita Inc.,reports,Health Care,Health Care Facilities,"Denver, Colorado",7/31/2008,9/11/2013,,,
DE,Deere & Co.,reports,Industrials,Agricultural & Farm Machinery,"Moline, Illinois",3/2/2017,11/14/2008,1837,,
DAL,Delta Air Lines Inc.,reports,Industrials,Airlines,"Atlanta, Georgia",9/11/2013,8/30/2000,,,
XRAY,Dentsply Sirona,reports,Health Care,Health Care Supplies,"York, Pennsylvania",11/14/2008,5/18/2016,,,
DVN,Devon Energy Corp.,reports,Energy,Oil & Gas Exploration & Production,"Oklahoma City, Oklahoma",8/30/2000,7/2/2007,,,
DLR,Digital Realty Trust Inc,reports,Real Estate,Specialized REITs,"San Francisco, California",5/18/2016,3/1/2010,,,
DFS,Discover Financial Services,reports,Financials,Consumer Finance,"Riverwoods, Illinois",7/2/2007,8/7/2014,,,
DISCA,Discovery Inc. Class A,reports,Consumer Discretionary,Cable & Satellite,"Silver Spring, Maryland",3/1/2010,3/13/2017,,,
DISCK,Discovery Inc. Class C,reports,Consumer Discretionary,Cable & Satellite,"Silver Spring, Maryland",8/7/2014,12/3/2012,,,
DISH,Dish Network,reports,Consumer Discretionary,Cable & Satellite,"Meridian, Colorado",3/13/2017,12/19/2011,,,
DG,Dollar General,reports,Consumer Discretionary,General Merchandise Stores,"Goodlettsville, Tennessee",12/3/2012,9/1/2017,,,
DLTR,Dollar Tree,reports,Consumer Discretionary,General Merchandise Stores,"Chesapeake, Virginia",12/19/2011,10/31/1985,,,
D,Dominion Energy,reports,Utilities,Electric Utilities,"Richmond, Virginia",3/2/2017,1/13/1978,1983,,
DOV,Dover Corp.,reports,Industrials,Industrial Machinery,"Downers Grove, Illinois",10/31/1985,1/13/1978,,,
DWDP,DowDuPont,reports,Materials,Diversified Chemicals,"Midland, Michigan",3/2/2017,7/26/2017,2017,,
DTE,DTE Energy Co.,reports,Utilities,Multi-Utilities,"Detroit, Michigan",3/2/2017,6/30/1976,1995,,
DRE,Duke Realty Corp,reports,Real Estate,Industrial REITs,"Indianapolis, Indiana",7/26/2017,4/4/2017,,,
DUK,Duke Energy,reports,Utilities,Electric Utilities,"Charlotte, North Carolina",6/30/1976,3/31/2004,,,
DXC,DXC Technology,reports,Information Technology,IT Consulting & Other Services,"Tysons Corner, Virginia",4/4/2017,1/1/1994,,,
ETFC,E*Trade,reports,Financials,Investment Banking & Brokerage,"New York, New York",3/31/2004,9/24/1998,,,
EMN,Eastman Chemical,reports,Materials,Diversified Chemicals,"Kingsport, Tennessee",1/1/1994,1/13/1978,,,
ETN,Eaton Corporation,reports,Industrials,Electrical Components & Equipment,"Dublin, Ireland",3/2/2017,1/31/1989,1911,,
EBAY,eBay Inc.,reports,Information Technology,Internet Software & Services,"San Jose, California",3/2/2017,4/3/2000,1995,,
ECL,Ecolab Inc.,reports,Materials,Specialty Chemicals,"St. Paul, Minnesota",1/31/1989,4/1/2011,,,
EIX,Edison Int'l,reports,Utilities,Electric Utilities,"Rosemead, California",3/2/2017,7/22/2002,1886,,
EW,Edwards Lifesciences,reports,Health Care,Health Care Equipment,"Irvine, California",4/1/2011,3/31/1965,,,
EA,Electronic Arts,reports,Information Technology,Home Entertainment Software,"Redwood City, California",7/22/2002,8/14/2013,,,
EMR,Emerson Electric Company,reports,Industrials,Electrical Components & Equipment,"Ferguson, Missouri",3/31/1965,12/2/2016,1890,,
ETR,Entergy Corp.,reports,Utilities,Electric Utilities,"New Orleans, Louisiana",3/2/2017,11/2/2000,1913,,
EVHC,Envision Healthcare,reports,Health Care,Health Care Services,"Nashville, Tennessee",12/2/2016,12/19/2008,,,
EOG,EOG Resources,reports,Energy,Oil & Gas Exploration & Production,"Houston, Texas",11/2/2000,6/19/1997,,,
EQT,EQT Corporation,reports,Energy,Oil & Gas Exploration & Production,"Pittsburgh, Pennsylvania",12/19/2008,3/20/2015,,,
EFX,Equifax Inc.,reports,Industrials,Research & Consulting Services,"Atlanta, Georgia",6/19/1997,12/3/2001,,,0
EQIX,Equinix,reports,Real Estate,Specialized REITs,"Redwood City, California",3/20/2015,4/2/2014,,,
EQR,Equity Residential,reports,Real Estate,Residential REITs,"Chicago, Illinois",12/3/2001,1/5/2006,,,
ESS,"Essex Property Trust, Inc.",reports,Real Estate,Residential REITs,"Palo Alto, California",4/2/2014,6/5/2018,,,
EL,Estee Lauder Cos.,reports,Consumer Staples,Personal Products,"New York, New York",1/5/2006,,,,
EVRG,Evergy,reports,Utilities,Electric Utilities,"Kansas City, Missouri",6/5/2018,6/19/2017,1909,,
ES,Eversource Energy,reports,Utilities,Multi-Utilities,"Springfield, Massachusetts",3/2/2017,,1966,,
RE,Everest Re Group Ltd.,reports,Financials,Reinsurance,"Hamilton, Bermuda",6/19/2017,10/2/2007,,,
EXC,Exelon Corp.,reports,Utilities,Multi-Utilities,"Chicago, Illinois",3/2/2017,10/10/2007,2000,,
EXPE,Expedia Inc.,reports,Consumer Discretionary,Internet & Direct Marketing Retail,"Bellevue, Washington",10/2/2007,9/25/2003,,,
EXPD,Expeditors,reports,Industrials,Air Freight & Logistics,"Seattle, Washington",10/10/2007,1/19/2016,,,
ESRX,Express Scripts,reports,Health Care,Health Care Distributors,"Cool Valley, Missouri",9/25/2003,,,,
EXR,Extra Space Storage,reports,Real Estate,Specialized REITs,"Salt Lake City, Utah",1/19/2016,12/20/2010,,,
XOM,Exxon Mobil Corp.,reports,Energy,Integrated Oil & Gas,"Irving, Texas",3/2/2017,12/23/2013,1999,,
FFIV,F5 Networks,reports,Information Technology,Communications Equipment,"Seattle, Washington",12/20/2010,9/15/2009,1996,,
FB,"Facebook, Inc.",reports,Information Technology,Internet Software & Services,"Menlo Park, California",12/23/2013,2/1/2016,,,
FAST,Fastenal Co,reports,Industrials,Building Products,"Winona, Minnesota",9/15/2009,12/31/1980,,,
FRT,Federal Realty Investment Trust,reports,Real Estate,Retail REITs,"Rockville, Maryland",2/1/2016,11/10/2006,,,
FDX,FedEx Corporation,reports,Industrials,Air Freight & Logistics,"Memphis, Tennessee",12/31/1980,,,,
FIS,Fidelity National Information Services,reports,Information Technology,Internet Software & Services,"Jacksonville, Florida",11/10/2006,,,,
FITB,Fifth Third Bancorp,reports,Financials,Regional Banks,"Cincinnati, Ohio",3/2/2017,4/2/2001,1858,,
FE,FirstEnergy Corp,reports,Utilities,Electric Utilities,"Akron, Ohio",3/2/2017,6/20/2018,1997,,
FISV,Fiserv Inc,reports,Information Technology,Internet Software & Services,"Brookfield, Wisconsin",4/2/2001,1/2/2009,,,
FLT,FleetCor Technologies Inc,reports,Information Technology,Data Processing & Outsources Services,"Norcross, Georgia",6/20/2018,10/2/2008,2000,,
FLIR,FLIR Systems,reports,Information Technology,Electronic Equipment & Instruments,"Wilsonville, Oregon",1/2/2009,3/31/1980,,,
FLS,Flowserve Corporation,reports,Industrials,Industrial Machinery,"Irving, Texas",10/2/2008,8/19/2009,,,
FLR,Fluor Corp.,reports,Industrials,Construction & Engineering,"Irving, Texas",3/31/1980,4/4/2016,,,
FMC,FMC Corporation,reports,Materials,Fertilizers & Agricultural Chemicals,"Philadelphia, Pennsylvania",8/19/2009,,,,
FL,Foot Locker Inc,reports,Consumer Discretionary,Apparel Retail,"New York, New York",4/4/2016,7/1/2016,,,
F,Ford Motor,reports,Consumer Discretionary,Automobile Manufacturers,"Dearborn, Michigan",3/2/2017,6/22/2016,1903,,
FTV,Fortive Corp,reports,Industrials,Industrial Machinery,"Everett, Washington",7/1/2016,,,,
FBHS,Fortune Brands Home & Security,reports,Industrials,Building Products,"Deerfield, Illinois",6/22/2016,,,,
BEN,Franklin Resources,reports,Financials,Asset Management & Custody Banks,"San Mateo, California",3/2/2017,8/31/1986,1947,,
FCX,Freeport-McMoRan Inc.,reports,Materials,Copper,"Phoenix, Arizona",3/2/2017,12/12/2012,1912,,
GPS,Gap Inc.,reports,Consumer Discretionary,Apparel Retail,"San Francisco, California",8/31/1986,4/5/2017,,,
GRMN,Garmin Ltd.,reports,Consumer Discretionary,Consumer Electronics,"Schaffhausen, Switzerland",12/12/2012,,,,
IT,Gartner Inc,reports,Information Technology,IT Consulting & Other Services,"Stamford, Connecticut",4/5/2017,,,,
GD,General Dynamics,reports,Industrials,Aerospace & Defense,"Falls Church, Virginia",3/2/2017,12/10/2013,1899,,
GE,General Electric,reports,Industrials,Industrial Conglomerates,"Boston, Massachusetts",3/2/2017,3/31/1969,1892,,
GGP,General Growth Properties Inc.,reports,Real Estate,Retail REITs,"Chicago, Illinois",12/10/2013,6/6/2013,,,
GIS,General Mills,reports,Consumer Staples,Packaged Foods & Meats,"Golden Valley, Minnesota",3/31/1969,12/31/1973,1856,,
GM,General Motors,reports,Consumer Discretionary,Automobile Manufacturers,"Detroit, Michigan",6/6/2013,7/1/2004,,,
GPC,Genuine Parts,reports,Consumer Discretionary,Specialty Stores,"Atlanta, Georgia",12/31/1973,4/25/2016,1925,,
GILD,Gilead Sciences,reports,Health Care,Biotechnology,"Foster City, California",7/1/2004,7/22/2002,,,
GPN,Global Payments Inc.,reports,Information Technology,Data Processing & Outsourced Services,"Atlanta, Georgia",4/25/2016,8/25/2006,,,
GS,Goldman Sachs Group,reports,Financials,Investment Banking & Brokerage,"New York, New York",7/22/2002,6/30/1981,,,
GT,Goodyear Tire & Rubber,reports,Consumer Discretionary,Tires & Rubber,"Akron, Ohio",3/2/2017,1/13/1978,1898,,
GWW,Grainger (W.W.) Inc.,reports,Industrials,Industrial Machinery,"Lake Forest, Illinois",6/30/1981,3/20/2015,,,
HAL,Halliburton Co.,reports,Energy,Oil & Gas Equipment & Services,"Houston, Texas",3/2/2017,1/13/1978,1919,,
HBI,Hanesbrands Inc,reports,Consumer Discretionary,"Apparel, Accessories & Luxury Goods","Winston-Salem, North Carolina",3/20/2015,9/22/2008,,,
HOG,Harley-Davidson,reports,Consumer Discretionary,Motorcycle Manufacturers,"Milwaukee, Wisconsin",3/2/2017,5/31/1985,1903,,
HRS,Harris Corporation,reports,Information Technology,Communications Equipment,"Melbourne, Florida",9/22/2008,9/30/1984,,,
HIG,Hartford Financial Svc.Gp.,reports,Financials,Property & Casualty Insurance,"Hartford, Connecticut",3/2/2017,1/27/2015,,,
HAS,Hasbro Inc.,reports,Consumer Discretionary,Leisure Products,"Pawtucket, Rhode Island",9/30/1984,3/31/2008,,,
HCA,HCA Holdings,reports,Health Care,Health Care Facilities,"Nashville, Tennessee",1/27/2015,3/1/2010,,,
HCP,HCP Inc.,reports,Real Estate,Health Care REITs,"Long Beach, California",3/31/2008,3/17/2015,,,
HP,Helmerich & Payne,reports,Energy,Oil & Gas Drilling,"Tulsa, Oklahoma[7]",3/1/2010,3/9/1990,,,
HSIC,Henry Schein,reports,Health Care,Health Care Distributors,"Melville, New York",3/17/2015,5/31/1984,,,
HSY,The Hershey Company,reports,Consumer Staples,Packaged Foods & Meats,"Hershey, Pennsylvania",3/2/2017,11/2/2015,1894,,
HES,Hess Corporation,reports,Energy,Integrated Oil & Gas,"New York, New York",5/31/1984,6/19/2017,,,
HPE,Hewlett Packard Enterprise,reports,Information Technology,"Technology Hardware, Storage & Peripherals","Palo Alto, California",11/2/2015,6/18/2018,,,
HLT,Hilton Worldwide Holdings Inc,reports,Consumer Discretionary,"Hotels, Resorts & Cruise Lines","Tysons Corner, Virginia",6/19/2017,3/30/2016,,,
HFC,HollyFrontier Corp,reports,Energy,Oil & Gas Refining & Marketing,"Dallas, Texas",6/18/2018,3/31/1988,1947,,
HOLX,Hologic,reports,Health Care,Health Care Equipment,"Marlborough, Massachusetts",3/30/2016,3/31/1964,,,
HD,Home Depot,reports,Consumer Discretionary,Home Improvement Retail,"Atlanta, Georgia",3/31/1988,3/4/2009,,,
HON,Honeywell Int'l Inc.,reports,Industrials,Industrial Conglomerates,"Morristown, New Jersey",3/31/1964,3/20/2007,1906,,
HRL,Hormel Foods Corp.,reports,Consumer Staples,Packaged Foods & Meats,"Austin, Minnesota",3/4/2009,12/31/1974,,,
HST,Host Hotels & Resorts,reports,Real Estate,Hotel & Resort REITs,"Bethesda, Maryland",3/20/2007,,,,
HPQ,HP Inc.,reports,Information Technology,"Technology Hardware, Storage & Peripherals","Palo Alto, California",12/31/1974,,1939 (2015),,
HUM,Humana Inc.,reports,Health Care,Managed Health Care,"Louisville, Kentucky",3/2/2017,1/3/2018,1961,,
HBAN,Huntington Bancshares,reports,Financials,Regional Banks,"Columbus, Ohio",3/2/2017,1/5/2017,1866,,
HII,Huntington Ingalls Industries,reports,Industrials,Aerospace & Defense,"Newport News, Virginia",1/3/2018,6/2/2017,,,
IDXX,IDEXX Laboratories,reports,Health Care,Health Care Equipment,"Westbrook, Maine",1/5/2017,2/28/1986,,,
INFO,IHS Markit Ltd.,reports,Industrials,Research & Consulting Services,"London, United Kingdom",6/2/2017,11/19/2015,,,
ITW,Illinois Tool Works,reports,Industrials,Industrial Machinery,"Glenview, Illinois",2/28/1986,11/17/2010,,,
ILMN,Illumina Inc,reports,Health Care,Life Sciences Tools & Services,"San Diego, California",11/19/2015,12/31/1976,,,
IR,Ingersoll-Rand PLC,reports,Industrials,Industrial Machinery,"Dublin, Ireland",11/17/2010,9/26/2007,,,
INTC,Intel Corp.,reports,Information Technology,Semiconductors,"Santa Clara, California",12/31/1976,,,,
ICE,Intercontinental Exchange,reports,Financials,Financial Exchanges & Data,"Atlanta, Georgia",9/26/2007,2/28/2017,,,
IBM,International Business Machines,reports,Information Technology,IT Consulting & Other Services,"Armonk, New York",3/2/2017,,1911,,
INCY,Incyte,reports,Health Care,Biotechnology,"Wilmington, Delaware",2/28/2017,10/1/1992,,,
IP,International Paper,reports,Materials,Paper Packaging,"Memphis, Tennessee",3/2/2017,3/31/1976,1898,,
IPG,Interpublic Group,reports,Consumer Discretionary,Advertising,"New York, New York",10/1/1992,12/5/2000,,,
IFF,Intl Flavors & Fragrances,reports,Materials,Specialty Chemicals,"New York, New York",3/31/1976,6/2/2008,,,
INTU,Intuit Inc.,reports,Information Technology,Internet Software & Services,"Mountain View, California",12/5/2000,8/21/2008,,,
ISRG,Intuitive Surgical Inc.,reports,Health Care,Health Care Equipment,"Sunnyvale, California",6/2/2008,3/7/2018,,,
IVZ,Invesco Ltd.,reports,Financials,Asset Management & Custody Banks,"Atlanta, Georgia",8/21/2008,8/29/2017,,,
IPGP,IPG Photonics Corp.,reports,Information Technology,Electronic Manufacturing Services,"Oxford, Massachusetts",3/7/2018,1/6/2009,,,
IQV,IQVIA Holdings Inc.,reports,Health Care,Life Sciences Tools & Service,"Durham, North Carolina",8/29/2017,10/26/2007,,,
IRM,Iron Mountain Incorporated,reports,Real Estate,Specialized REITs,"Boston, Massachusetts",1/6/2009,7/1/2015,,,
JEC,Jacobs Engineering Group,reports,Industrials,Construction & Engineering,"Pasadena, California",10/26/2007,8/27/2007,,,
JBHT,J. B. Hunt Transport Services,reports,Industrials,Trucking,"Lowell, Arkansas",7/1/2015,11/6/2008,,,
JEF,Jefferies Financial Group,reports,Financials,Multi-Sector Holdings,"New York, New York",8/27/2007,6/30/1973,,,
SJM,JM Smucker,reports,Consumer Staples,Packaged Foods & Meats,"Orrville, Ohio",11/6/2008,8/27/2010,,,
JNJ,Johnson & Johnson,reports,Health Care,Health Care Equipment,"New Brunswick, New Jersey",6/30/1973,6/30/1975,1886,,
JCI,Johnson Controls International,reports,Industrials,Building Products,"Cork, Ireland",8/27/2010,,,,
JPM,JPMorgan Chase & Co.,reports,Financials,Diversified Banks,"New York, New York",6/30/1975,5/24/2013,,,
JNPR,Juniper Networks,reports,Information Technology,Communications Equipment,"Sunnyvale, California",3/2/2017,,1996,,
KSU,Kansas City Southern,reports,Industrials,Railroads,"Kansas City, Missouri",5/24/2013,3/1/1994,,,
K,Kellogg Co.,reports,Consumer Staples,Packaged Foods & Meats,"Battle Creek, Michigan",3/2/2017,,1906,,
KEY,KeyCorp,reports,Financials,Regional Banks,"Cleveland, Ohio",3/1/1994,4/4/2006,,,
KMB,Kimberly-Clark,reports,Consumer Staples,Household Products,"Irving, Texas",3/2/2017,5/25/2012,1872,,
KIM,Kimco Realty,reports,Real Estate,Retail REITs,"New Hyde Park, New York",4/4/2006,,,,
KMI,Kinder Morgan,reports,Energy,Oil & Gas Storage & Transportation,"Houston, Texas",5/25/2012,,,,
KLAC,KLA-Tencor Corp.,reports,Information Technology,Semiconductor Equipment,"Milpitas, California",3/2/2017,7/6/2015,1975/1977 (1997),,
KSS,Kohl's Corp.,reports,Consumer Discretionary,General Merchandise Stores,"Menomonee Falls, Wisconsin",3/2/2017,,1962,,
KHC,Kraft Heinz Co,reports,Consumer Staples,Packaged Foods & Meats,"Pittsburgh, Pennsylvania",7/6/2015,9/30/1983,,,
KR,Kroger Co.,reports,Consumer Staples,Food Retail,"Cincinnati, Ohio",3/2/2017,,1883,,
LB,L Brands Inc.,reports,Consumer Discretionary,Apparel Retail,"Columbus, Ohio",9/30/1983,11/1/2004,,,
LLL,L-3 Communications Holdings,reports,Industrials,Aerospace & Defense,"New York, New York",3/2/2017,6/29/2012,1997,,
LH,Laboratory Corp. of America Holding,reports,Health Care,Health Care Services,"Burlington, North Carolina",11/1/2004,,,,
LRCX,Lam Research,reports,Information Technology,Semiconductor Equipment,"Fremont, California",6/29/2012,10/4/2005,,,
LEG,Leggett & Platt,reports,Consumer Discretionary,Home Furnishings,"Carthage, Missouri",3/2/2017,12/31/1970,1883,,
LEN,Lennar Corp.,reports,Consumer Discretionary,Homebuilding,"Miami, Florida",10/4/2005,6/30/1976,,,
LLY,Lilly (Eli) & Co.,reports,Health Care,Pharmaceuticals,"Indianapolis, Indiana",12/31/1970,5/23/2016,1876,,
LNC,Lincoln National,reports,Financials,Multi-line Insurance,"Radnor, Pennsylvania",6/30/1976,7/31/1984,,,
LKQ,LKQ Corporation,reports,Consumer Discretionary,Distributors,"Chicago, Illinois",5/23/2016,,,,
LMT,Lockheed Martin Corp.,reports,Industrials,Aerospace & Defense,"Bethesda, Maryland",7/31/1984,2/29/1984,,,
L,Loews Corp.,reports,Financials,Multi-line Insurance,"New York, New York",3/2/2017,9/5/2012,,,
LOW,Lowe's Cos.,reports,Consumer Discretionary,Home Improvement Retail,"Mooresville, North Carolina",2/29/1984,,1904/1946/1959,,
LYB,LyondellBasell,reports,Materials,Specialty Chemicals,"Rotterdam, Netherlands",9/5/2012,5/9/2013,,,
MTB,M&T Bank Corp.,reports,Financials,Regional Banks,"Buffalo, New York",3/2/2017,,1856,,
MAC,Macerich,reports,Real Estate,Retail REITs,"Santa Monica, California",5/9/2013,5/1/1991,,,
M,Macy's Inc.,reports,Consumer Discretionary,Department Stores,"Cincinnati, Ohio",3/2/2017,7/1/2011,1929,,
MRO,Marathon Oil Corp.,reports,Energy,Oil & Gas Exploration & Production,"Houston, Texas",5/1/1991,,,,
MPC,Marathon Petroleum,reports,Energy,Oil & Gas Refining & Marketing,"Findlay, Ohio",7/1/2011,8/31/1987,,,
MAR,Marriott Int'l.,reports,Consumer Discretionary,"Hotels, Resorts & Cruise Lines","Bethesda, Maryland",3/2/2017,7/2/2014,1927,,
MMC,Marsh & McLennan,reports,Financials,Insurance Brokers,"New York, New York",8/31/1987,6/30/1981,,,
MLM,Martin Marietta Materials,reports,Materials,Construction Materials,"Raleigh, North Carolina",7/2/2014,7/18/2008,,,
MAS,Masco Corp.,reports,Industrials,Building Products,"Taylor, Michigan",6/30/1981,3/31/1982,,,
MA,Mastercard Inc.,reports,Information Technology,Internet Software & Services,"Harrison, New York",7/18/2008,,,,
MAT,Mattel Inc.,reports,Consumer Discretionary,Leisure Products,"El Segundo, California",3/31/1982,6/30/1970,,,
MKC,McCormick & Co.,reports,Consumer Staples,Packaged Foods & Meats,"Sparks, Maryland",3/2/2017,,1889,,
MCD,McDonald's Corp.,reports,Consumer Discretionary,Restaurants,"Chicago, Illinois",6/30/1970,10/31/1986,1940,,
MCK,McKesson Corp.,reports,Health Care,Health Care Distributors,"San Francisco, California",3/2/2017,,1833,,
MDT,Medtronic plc,reports,Health Care,Health Care Equipment,"Dublin, Ireland",10/31/1986,,,,
MRK,Merck & Co.,reports,Health Care,Pharmaceuticals,"Whitehouse Station, New Jersey",3/2/2017,9/6/2016,1891,,
MET,MetLife Inc.,reports,Financials,Life & Health Insurance,"New York, New York",3/2/2017,7/26/2017,1868,,
MTD,Mettler Toledo,reports,Health Care,Life Sciences Tools & Services,"Columbus, Ohio",9/6/2016,11/13/2013,,,
MGM,MGM Resorts International,reports,Consumer Discretionary,Casinos & Gaming,"Paradise, Nevada",7/26/2017,9/7/2007,,,
KORS,Michael Kors Holdings,reports,Consumer Discretionary,"Apparel, Accessories & Luxury Goods","New York, New York",11/13/2013,9/27/1994,,,
MCHP,Microchip Technology,reports,Information Technology,Semiconductors,"Chandler, Arizona",9/7/2007,6/1/1994,,,
MU,Micron Technology,reports,Information Technology,Semiconductors,"Boise, Idaho",9/27/1994,12/2/2016,,,
MSFT,Microsoft Corp.,reports,Information Technology,Systems Software,"Redmond, Washington",6/1/1994,12/23/2013,,,
MAA,Mid-America Apartments,reports,Real Estate,Residential REITs,"Memphis, Tennessee",12/2/2016,6/30/1976,,,
MHK,Mohawk Industries,reports,Consumer Discretionary,Home Furnishings,"Amsterdam, New York",12/23/2013,10/2/2012,,,
TAP,Molson Coors Brewing Company,reports,Consumer Staples,Brewers,"Denver, Colorado",6/30/1976,6/28/2012,,,
MDLZ,Mondelez International,reports,Consumer Staples,Packaged Foods & Meats,"Northfield, Illinois",10/2/2012,,,,
MNST,Monster Beverage,reports,Consumer Staples,Soft Drinks,"Corona, California",6/28/2012,,,,
MCO,Moody's Corp,reports,Financials,Financial Exchanges & Data,"New York, New York",3/2/2017,9/26/2011,1909,,
MS,Morgan Stanley,reports,Financials,Investment Banking & Brokerage,"New York, New York",3/2/2017,,1935,,
MOS,The Mosaic Company,reports,Materials,Fertilizers & Agricultural Chemicals,"Plymouth, Minnesota",9/26/2011,4/4/2018,,,
MSI,Motorola Solutions Inc.,reports,Information Technology,Communications Equipment,"Schaumburg, Illinois",3/2/2017,4/23/2004,1928 (2011),,
MSCI,MSCI Inc,reports,Financials,Financial Exchanges & Data,"New York, New York",4/4/2018,10/22/2008,,,
MYL,Mylan N.V.,reports,Health Care,Pharmaceuticals,"Amsterdam, Netherlands",4/23/2004,3/14/2005,,,
NDAQ,"Nasdaq, Inc.",reports,Financials,Financial Exchanges & Data,"New York, New York",10/22/2008,3/19/2018,,,
NOV,National Oilwell Varco Inc.,reports,Energy,Oil & Gas Equipment & Services,"Houston, Texas",3/14/2005,6/25/1999,,,
NKTR,Nektar Therapeutics,reports,Health Care,Pharmaceuticals,"San Francisco, California",3/19/2018,12/20/2010,,,
NTAP,NetApp,reports,Information Technology,Internet Software & Services,"Sunnyvale, California",6/25/1999,4/30/1989,,,
NFLX,Netflix Inc.,reports,Information Technology,Internet Software & Services,"Los Gatos, California",12/20/2010,12/20/2010,,,
NWL,Newell Brands,reports,Consumer Discretionary,Housewares & Specialties,"Sandy Springs, Georgia",4/30/1989,6/30/1969,,,
NFX,Newfield Exploration Co,reports,Energy,Oil & Gas Exploration & Production,"Houston, Texas",12/20/2010,8/1/2013,,,
NEM,Newmont Mining Corporation,reports,Materials,Gold,"Denver, Colorado",6/30/1969,9/18/2015,1921,,
NWSA,News Corp. Class A,reports,Consumer Discretionary,Publishing,"New York, New York",8/1/2013,6/30/1976,,,
NWS,News Corp. Class B,reports,Consumer Discretionary,Publishing,"New York, New York",9/18/2015,7/9/2013,,,
NEE,NextEra Energy,reports,Utilities,Multi-Utilities,"Juno Beach, Florida",6/30/1976,11/30/1988,,,
NLSN,Nielsen Holdings,reports,Industrials,Research & Consulting Services,"New York, New York",7/9/2013,,,,
NKE,Nike,reports,Consumer Discretionary,"Apparel, Accessories & Luxury Goods","Washington County, Oregon",11/30/1988,10/8/2007,,,
NI,NiSource Inc.,reports,Utilities,Multi-Utilities,"Merrillville, Indiana",3/2/2017,8/31/1986,1912,,
NBL,Noble Energy Inc,reports,Energy,Oil & Gas Exploration & Production,"Houston, Texas",10/8/2007,,,,
JWN,Nordstrom,reports,Consumer Discretionary,Department Stores,"Seattle, Washington",8/31/1986,,,,
NSC,Norfolk Southern Corp.,reports,Industrials,Railroads,"Norfolk, Virginia",3/2/2017,6/30/1985,1881/1894 (1980),,
NTRS,Northern Trust Corp.,reports,Financials,Asset Management & Custody Banks,"Chicago, Illinois",3/2/2017,10/13/2017,1889,,
NOC,Northrop Grumman Corp.,reports,Industrials,Aerospace & Defense,"West Falls Church, Virginia",6/30/1985,1/29/2010,,,
NCLH,Norwegian Cruise Line,reports,Consumer Discretionary,"Hotels, Resorts & Cruise Lines","Miami, Florida",10/13/2017,4/30/1985,,,
NRG,NRG Energy,reports,Utilities,Independent Power Producers & Energy Traders,"Princeton, New Jersey",1/29/2010,11/30/2001,,,
NUE,Nucor Corp.,reports,Materials,Steel,"Charlotte, North Carolina",4/30/1985,3/27/2009,,,
NVDA,Nvidia Corporation,reports,Information Technology,Semiconductors,"Santa Clara, California",11/30/2001,12/31/1982,,,
ORLY,O'Reilly Automotive,reports,Consumer Discretionary,Specialty Stores,"Springfield, Missouri",3/27/2009,,,,
OXY,Occidental Petroleum,reports,Energy,Oil & Gas Exploration & Production,"Los Angeles, California",12/31/1982,3/15/2010,,,
OMC,Omnicom Group,reports,Consumer Discretionary,Advertising,"New York, New York",3/2/2017,8/31/1989,1986,,
OKE,ONEOK,reports,Energy,Oil & Gas Storage & Transportation,"Tulsa, Oklahoma",3/15/2010,12/31/1980,,,
ORCL,Oracle Corp.,reports,Information Technology,Application Software,"Redwood Shores, California",8/31/1989,7/26/2017,,,
PCAR,PACCAR Inc.,reports,Industrials,Construction Machinery & Heavy Trucks,"Bellevue, Washington",12/31/1980,11/30/1985,,,
PKG,Packaging Corporation of America,reports,Materials,Paper Packaging,"Lake Forest, Illinois",7/26/2017,,,,
PH,Parker-Hannifin,reports,Industrials,Industrial Machinery,"Cleveland, Ohio",11/30/1985,7/20/2015,,,
PAYX,Paychex Inc.,reports,Information Technology,Internet Software & Services,"Penfield, New York",3/2/2017,10/1/2012,1971,,
PYPL,PayPal,reports,Information Technology,Data Processing & Outsourced Services,"San Jose, California",7/20/2015,11/13/2008,,,
PNR,Pentair plc,reports,Industrials,Industrial Machinery,"Worsley, UK",10/1/2012,,,,
PBCT,People's United Financial,reports,Financials,Thrifts & Mortgage Finance,"Bridgeport, Connecticut",11/13/2008,5/31/1985,,,
PEP,PepsiCo Inc.,reports,Consumer Staples,Soft Drinks,"Purchase, New York",3/2/2017,12/19/2011,1898,,
PKI,PerkinElmer,reports,Health Care,Health Care Equipment,"Waltham, Massachusetts",5/31/1985,,,,
PRGO,Perrigo,reports,Health Care,Pharmaceuticals,"Dublin, Ireland",12/19/2011,,,,
PFE,Pfizer Inc.,reports,Health Care,Pharmaceuticals,"New York, New York",3/2/2017,3/31/2008,1849,,
PCG,PG&E Corp.,reports,Utilities,Multi-Utilities,"San Francisco, California",3/2/2017,5/1/2012,1905,,
PM,Philip Morris International,reports,Consumer Staples,Tobacco,"New York, New York",3/31/2008,,,,
PSX,Phillips 66,reports,Energy,Oil & Gas Refining & Marketing,"Houston, Texas",5/1/2012,9/24/2008,,,
PNW,Pinnacle West Capital,reports,Utilities,Multi-Utilities,"Phoenix, Arizona",3/2/2017,4/30/1988,1985,,
PXD,Pioneer Natural Resources,reports,Energy,Oil & Gas Exploration & Production,"Irving, Texas",9/24/2008,2/2/2007,,,
PNC,PNC Financial Services,reports,Financials,Regional Banks,"Pittsburgh, Pennsylvania",4/30/1988,,,,
RL,Polo Ralph Lauren Corp.,reports,Consumer Discretionary,"Apparel, Accessories & Luxury Goods","New York, New York",2/2/2007,,,,
PPG,PPG Industries,reports,Materials,Specialty Chemicals,"Pittsburgh, Pennsylvania",3/2/2017,7/1/1992,1883,,
PPL,PPL Corp.,reports,Utilities,Electric Utilities,"Allentown, Pennsylvania",3/2/2017,7/22/2002,,,
PX,Praxair Inc.,reports,Materials,Industrial Gases,"Danbury, Connecticut",7/1/1992,,,,
PFG,Principal Financial Group,reports,Financials,Life & Health Insurance,"Des Moines, Iowa",7/22/2002,8/4/1997,,,
PG,Procter & Gamble,reports,Consumer Staples,Personal Products,"Cincinnati, Ohio",3/2/2017,7/17/2003,1837,,
PGR,Progressive Corp.,reports,Financials,Property & Casualty Insurance,"Mayfield Village, Ohio",8/4/1997,7/22/2002,,,
PLD,Prologis,reports,Real Estate,Industrial REITs,"San Francisco, California",7/17/2003,,,,
PRU,Prudential Financial,reports,Financials,Life & Health Insurance,"Newark, New Jersey",7/22/2002,8/19/2005,,,
PEG,Public Serv. Enterprise Inc.,reports,Utilities,Electric Utilities,"Newark, New Jersey",3/2/2017,4/30/1984,,,
PSA,Public Storage,reports,Real Estate,Specialized REITs,"Glendale, California",8/19/2005,2/15/2013,,,
PHM,Pulte Homes Inc.,reports,Consumer Discretionary,Homebuilding,"Atlanta, Georgia",4/30/1984,6/11/2015,,,
PVH,PVH Corp.,reports,Consumer Discretionary,"Apparel, Accessories & Luxury Goods","New York, New York",2/15/2013,7/1/2009,,,
QRVO,Qorvo,reports,Information Technology,Semiconductors,"Greensboro, North Carolina",6/11/2015,,,,
PWR,Quanta Services Inc.,reports,Industrials,Construction & Engineering,"Houston, Texas",7/1/2009,12/12/2002,,,
QCOM,QUALCOMM Inc.,reports,Information Technology,Semiconductors,"San Diego, California",3/2/2017,3/20/2017,1985,,
DGX,Quest Diagnostics,reports,Health Care,Health Care Services,"Madison, New Jersey",12/12/2002,,,,
RJF,Raymond James Financial Inc.,reports,Financials,Investment Banking & Brokerage,"St. Petersburg, Florida",3/20/2017,4/7/2015,,,
RTN,Raytheon Co.,reports,Industrials,Aerospace & Defense,"Waltham, Massachusetts",3/2/2017,7/27/2009,1922,,
O,Realty Income Corporation,reports,Real Estate,Retail REITs,"San Diego, California",4/7/2015,3/2/2017,,,
RHT,Red Hat Inc.,reports,Information Technology,Systems Software,"Raleigh, North Carolina",7/27/2009,5/1/2013,,,
REG,Regency Centers Corporation,reports,Real Estate,Retail REITs,"Jacksonville, Florida",3/2/2017,8/28/1998,,,
REGN,Regeneron,reports,Health Care,Biotechnology,"Tarrytown, New York",5/1/2013,12/5/2008,,,
RF,Regions Financial Corp.,reports,Financials,Regional Banks,"Birmingham, Alabama",8/28/1998,7/26/2017,,,
RSG,Republic Services Inc,reports,Industrials,Environmental & Facilities Services,"Phoenix, Arizona",12/5/2008,12/5/2000,,,
RMD,ResMed,reports,Health Care,Health Care Equipment,"San Diego, California",7/26/2017,,,,
RHI,Robert Half International,reports,Industrials,Human Resource & Employment Services,"Menlo Park, California",12/5/2000,7/2/2001,,,
ROK,Rockwell Automation Inc.,reports,Industrials,Electrical Components & Equipment,"Milwaukee, Wisconsin",3/2/2017,12/23/2009,,,
COL,Rockwell Collins,reports,Industrials,Aerospace & Defense,"Cedar Rapids, Iowa",7/2/2001,12/21/2009,,,
ROP,Roper Technologies,reports,Industrials,Industrial Conglomerates,"Sarasota, Florida",12/23/2009,12/5/2014,,,
ROST,Ross Stores,reports,Consumer Discretionary,Apparel Retail,"Pleasanton, California",12/21/2009,9/15/2008,,,
RCL,Royal Caribbean Cruises Ltd,reports,Consumer Discretionary,"Hotels, Resorts & Cruise Lines","Miami, Florida",12/5/2014,9/1/2017,,,
CRM,Salesforce.com,reports,Information Technology,Internet Software & Services,"San Francisco, California",9/15/2008,1/2/2009,,,
SBAC,SBA Communications,reports,Real Estate,Specialized REITs,"Boca Raton, Florida",9/1/2017,3/31/1965,,,
SCG,SCANA Corp,reports,Utilities,Multi-Utilities,"Cayce, South Carolina",1/2/2009,7/2/2012,,,
SLB,Schlumberger Ltd.,reports,Energy,Oil & Gas Equipment & Services,"Curaçao, Kingdom of the Netherlands",3/31/1965,,1926,,
STX,Seagate Technology,reports,Information Technology,"Technology Hardware, Storage & Peripherals","Dublin, Ireland",7/2/2012,,,,
SEE,Sealed Air,reports,Materials,Paper Packaging,"Elmwood Park, New Jersey",4/3/1998,6/30/1964,,,
SRE,Sempra Energy,reports,Utilities,Multi-Utilities,"San Diego, California",1/13/1978,6/26/2002,,,
SHW,Sherwin-Williams,reports,Materials,Specialty Chemicals,"Cleveland, Ohio",6/30/1964,3/12/2015,1866,,
SPG,Simon Property Group Inc,reports,Real Estate,Retail REITs,"Indianapolis, Indiana",6/26/2002,3/20/2015,,,
SWKS,Skyworks Solutions,reports,Information Technology,Semiconductors,"Woburn, Massachusetts",3/12/2015,9/30/1982,,,
SLG,SL Green Realty,reports,Real Estate,Office REITs,"New York, New York",3/20/2015,,,,
SNA,Snap-On Inc.,reports,Consumer Discretionary,Household Appliances,"Kenosha, Wisconsin",9/30/1982,7/1/1994,,,
SO,Southern Co.,reports,Utilities,Electric Utilities,"Atlanta, Georgia",1/13/1978,,,,
LUV,Southwest Airlines,reports,Industrials,Airlines,"Dallas, Texas",7/1/1994,9/30/1982,,,
SPGI,"S&P Global, Inc.",reports,Financials,Financial Exchanges & Data,"New York, New York",1/13/1978,,,,
SWK,Stanley Black & Decker,reports,Consumer Discretionary,Household Appliances,"New Britain, Connecticut",9/30/1982,,,,
SBUX,Starbucks Corp.,reports,Consumer Discretionary,Restaurants,"Seattle, Washington",7/1/1994,11/19/2008,1971,,
STT,State Street Corp.,reports,Financials,Asset Management & Custody Banks,"Boston, Massachusetts",3/16/2017,12/12/2000,,,
SRCL,Stericycle Inc,reports,Industrials,Environmental & Facilities Services,"Lake Forest, Illinois",11/19/2008,5/31/1988,,,
SYK,Stryker Corp.,reports,Health Care,Health Care Equipment,"Kalamazoo, Michigan",12/12/2000,3/19/2018,,,
STI,SunTrust Banks,reports,Financials,Regional Banks,"Atlanta, Georgia",5/31/1988,3/25/2003,,,
SIVB,SVB Financial,reports,Financials,Regional Banks,"Santa Clara, California",3/19/2018,11/18/2015,,,
SYMC,Symantec Corp.,reports,Information Technology,Application Software,"Mountain View, California",3/25/2003,3/16/2017,,,
SYF,Synchrony Financial,reports,Financials,Consumer Finance,"Stamford, Connecticut",11/18/2015,12/31/1986,,,
SNPS,Synopsys Inc.,reports,Information Technology,Application Software,"Mountain View, California",3/16/2017,,,,
SYY,Sysco Corp.,reports,Consumer Staples,Food Distributors,"Houston, Texas",12/31/1986,3/19/2018,,,
TROW,T. Rowe Price Group,reports,Financials,Asset Management & Custody Banks,"Baltimore, Maryland",8/11/1986,,1937,,
TTWO,Take-Two Interactive,reports,Information Technology,Home Entertainment Software,"New York, New York",3/19/2018,12/31/1976,,,
TPR,"Tapestry, Inc.",reports,Consumer Discretionary,"Apparel, Accessories & Luxury Goods","New York, New York",11/10/2017,10/17/2011,2017,,
TGT,Target Corp.,reports,Consumer Discretionary,General Merchandise Stores,"Minneapolis, Minnesota",12/31/1976,6/5/2009,,,
TEL,TE Connectivity Ltd.,reports,Information Technology,Electronic Manufacturing Services,"Schaffhausen, Switzerland",10/17/2011,,,,
FTI,TechnipFMC,reports,Energy,Oil & Gas Equipment & Services,"London, United Kingdom",6/5/2009,12/31/1978,,,
TXN,Texas Instruments,reports,Information Technology,Semiconductors,"Dallas, Texas",1/13/1978,,1930,,
TXT,Textron Inc.,reports,Industrials,Aerospace & Defense,"Providence, Rhode Island",12/31/1978,6/21/2000,,,
TMO,Thermo Fisher Scientific,reports,Health Care,Health Care Equipment,"Waltham, Massachusetts",1/13/1978,6/7/2018,2006,,
TIF,Tiffany & Co.,reports,Consumer Discretionary,"Apparel, Accessories & Luxury Goods","New York, New York",6/21/2000,9/30/1985,,,
TWTR,"Twitter, Inc.",reports,Information Technology,Internet Software & Services,"San Francisco, California",6/7/2018,4/30/1989,2006,,
TJX,TJX Companies Inc.,reports,Consumer Discretionary,Apparel Retail,"Framingham, Massachusetts",9/30/1985,1/2/2008,,,
TMK,Torchmark Corp.,reports,Financials,Life & Health Insurance,"McKinney, Texas",4/30/1989,1/24/2014,,,
TSS,Total System Services,reports,Information Technology,Internet Software & Services,"Columbus, Georgia",1/2/2008,6/3/2016,,,
TSCO,Tractor Supply Company,reports,Consumer Discretionary,Specialty Stores,"Brentwood, Tennessee",1/24/2014,8/21/2002,,,
TDG,TransDigm Group,reports,Industrials,Aerospace & Defense,"Cleveland, Ohio",6/3/2016,12/21/2011,,,
TRV,The Travelers Companies Inc.,reports,Financials,Property & Casualty Insurance,"New York, New York",8/21/2002,7/1/2013,,,
TRIP,TripAdvisor,reports,Consumer Discretionary,Internet & Direct Marketing Retail,"Newton, Massachusetts",12/21/2011,9/18/2015,,,
FOXA,Twenty-First Century Fox Class A,reports,Consumer Discretionary,Publishing,"New York, New York",7/1/2013,,,,
FOX,Twenty-First Century Fox Class B,reports,Consumer Discretionary,Publishing,"New York, New York",9/18/2015,3/7/2016,,,
TSN,Tyson Foods,reports,Consumer Staples,Packaged Foods & Meats,"Springdale, Arkansas",1/13/1978,4/18/2016,,,
UDR,UDR Inc,reports,Real Estate,Residential REITs,"Highlands Ranch, Colorado",3/7/2016,,,,
ULTA,Ulta Beauty,reports,Consumer Discretionary,Specialty Stores,"Bolingbrook, Illinois",4/18/2016,3/25/2016,,,
USB,U.S. Bancorp,reports,Financials,Diversified Banks,"Minneapolis, Minnesota",1/13/1978,5/1/2014,1968,,
UAA,Under Armour Class A,reports,Consumer Discretionary,"Apparel, Accessories & Luxury Goods","Baltimore, Maryland",3/25/2016,,,,
UA,Under Armour Class C,reports,Consumer Discretionary,"Apparel, Accessories & Luxury Goods","Baltimore, Maryland",5/1/2014,9/3/2015,,,
UNP,Union Pacific,reports,Industrials,Railroads,"Omaha, Nebraska",5/8/2015,7/1/1994,,,
UAL,United Continental Holdings,reports,Industrials,Airlines,"Chicago, Illinois",9/3/2015,7/22/2002,,,
UNH,United Health Group Inc.,reports,Health Care,Managed Health Care,"Minnetonka, Minnesota",7/1/1994,9/20/2014,,,
UPS,United Parcel Service,reports,Industrials,Air Freight & Logistics,"Atlanta, Georgia",7/22/2002,,,,
URI,"United Rentals, Inc.",reports,Industrials,Trading Companies & Distributors,"Stamford, Connecticut",9/20/2014,9/20/2014,,,
UTX,United Technologies,reports,Industrials,Aerospace & Defense,"Hartford, Connecticut",1/13/1978,3/1/1994,,,
UHS,"Universal Health Services, Inc.",reports,Health Care,Health Care Facilities,"King of Prussia, Pennsylvania",9/20/2014,6/30/1979,,,
UNM,Unum Group,reports,Financials,Life & Health Insurance,"Chattanooga, Tennessee",3/1/1994,,,,
VFC,V.F. Corp.,reports,Consumer Discretionary,"Apparel, Accessories & Luxury Goods","Greensboro, North Carolina",6/30/1979,2/12/2007,,,
VLO,Valero Energy,reports,Energy,Oil & Gas Refining & Marketing,"San Antonio, Texas",1/11/1980,3/4/2009,1980,,
VAR,Varian Medical Systems,reports,Health Care,Health Care Equipment,"Palo Alto, California",2/12/2007,2/1/2006,,,
VTR,Ventas Inc,reports,Real Estate,Health Care REITs,"Chicago, Illinois",3/4/2009,10/8/2015,,,
VRSN,Verisign Inc.,reports,Information Technology,Internet Software & Services,"Dulles, Virginia",2/1/2006,11/30/1983,,,
VRSK,Verisk Analytics,reports,Industrials,Research & Consulting Services,"Jersey City, New Jersey",10/8/2015,9/23/2013,,,
VZ,Verizon Communications,reports,Telecommunication Services,Integrated Telecommunication Services,"New York, New York",11/30/1983,,,,
VRTX,Vertex Pharmaceuticals Inc,reports,Health Care,Biotechnology,"Cambridge, Massachusetts",9/23/2013,12/21/2009,,,
VIAB,Viacom Inc.,reports,Consumer Discretionary,Cable & Satellite,"New York, New York",12/16/2005,,,,
V,Visa Inc.,reports,Information Technology,Internet Software & Services,"San Francisco, California",12/21/2009,6/30/1999,,,
VNO,Vornado Realty Trust,reports,Real Estate,Office REITs,"New York, New York",1/13/1978,8/31/1982,,,
VMC,Vulcan Materials,reports,Materials,Construction Materials,"Birmingham, Alabama",6/30/1999,12/31/1979,,,
WMT,Walmart,reports,Consumer Staples,Hypermarkets & Super Centers,"Bentonville, Arkansas",8/31/1982,6/30/1976,,,
WBA,Walgreens Boots Alliance,reports,Consumer Staples,Drug Retail,"Deerfield, Illinois",12/31/1979,,,,
DIS,The Walt Disney Company,reports,Consumer Discretionary,Cable & Satellite,"Burbank, California",6/30/1976,,,,
WM,Waste Management Inc.,reports,Industrials,Environmental & Facilities Services,"Houston, Texas",1/10/2003,10/31/2008,1968,,
WAT,Waters Corporation,reports,Health Care,Health Care Distributors,"Milford, Massachusetts",11/5/2017,6/30/1976,1958,,
WEC,Wec Energy Group Inc,reports,Utilities,Electric Utilities,"Milwaukee, Wisconsin",10/31/2008,1/30/2009,,,
WFC,Wells Fargo,reports,Financials,Diversified Banks,"San Francisco, California",6/30/1976,7/1/2009,,,
WELL,Welltower Inc.,reports,Real Estate,Health Care REITs,"Toledo, Ohio",1/30/2009,,,,
WDC,Western Digital,reports,Information Technology,"Technology Hardware, Storage & Peripherals","Irvine, California",7/1/2009,,,,
WU,Western Union Co,reports,Information Technology,Internet Software & Services,"Englewood, Colorado",10/2/2006,,1851,,
WRK,WestRock,reports,Materials,Paper Packaging,"Richmond, Virginia",5/4/2015,,,,
WY,Weyerhaeuser,reports,Real Estate,Specialized REITs,"Federal Way, Washington",5/4/2015,3/31/1975,,,
WHR,Whirlpool Corp.,reports,Consumer Discretionary,Household Appliances,"Benton Harbor, Michigan",1/13/1978,1/5/2016,1911,,
WMB,Williams Cos.,reports,Energy,Oil & Gas Storage & Transportation,"Tulsa, Oklahoma",3/31/1975,11/14/2008,,,
WLTW,Willis Towers Watson,reports,Financials,Insurance Brokers,"London, United Kingdom",1/5/2016,,,,
WYNN,Wynn Resorts Ltd,reports,Consumer Discretionary,Casinos & Gaming,"Paradise, Nevada",11/14/2008,,,,
XEL,Xcel Energy Inc,reports,Utilities,Multi-Utilities,"Minneapolis, Minnesota",11/8/1999,11/8/1999,1909,,
XRX,Xerox,reports,Information Technology,"Technology Hardware, Storage & Peripherals","Norwalk, Connecticut",12/22/1961,,1906,,
XLNX,Xilinx,reports,Information Technology,Semiconductors,"San Jose, California",11/8/1999,11/1/2011,,,
XL,XL Group,reports,Financials,Property & Casualty Insurance,"Hamilton, Bermuda",11/14/2008,10/6/1997,1998,,
XYL,Xylem Inc.,reports,Industrials,Industrial Machinery,"White Plains, New York",11/1/2011,8/7/2001,,,
YUM,Yum! Brands Inc,reports,Consumer Discretionary,Restaurants,"Louisville, Kentucky",10/6/1997,6/22/2001,,,
ZBH,Zimmer Biomet Holdings,reports,Health Care,Health Care Equipment,"Warsaw, Indiana",8/7/2001,6/21/2013,,,
ZION,Zions Bancorp,reports,Financials,Regional Banks,"Salt Lake City, Utah",6/22/2001,109380,,,
ZTS,Zoetis,reports,Health Care,Pharmaceuticals,"Florham Park, New Jersey",6/21/2013,1555280,,,
